"Incident ID",Year,Month,Day,"Country Code",Country,Region,District,City,UN,INGO,ICRC,"NRCS and IFRC",NNGO,Other,"Nationals killed","Nationals wounded","Nationals kidnapped","Total nationals","Internationals killed","Internationals wounded","Internationals kidnapped","Total internationals","Total killed","Total wounded","Total kidnapped","Total affected","Gender Male","Gender Female","Gender Unknown","Means of attack","Attack context",Location,Latitude,Longitude,Motive,"Actor type","Actor name",Details,Verified,Source
#event+id,#date+year,#date+month,#date+day,#country+code,#country+name+i_en,#adm1+name+i_en,#adm2+name+i_en,#adm3+name+i_en,#affected+UN,#affected+INGO,#affected+ICRC,#affected+IFRC,#affected+NGO,#affected+other,#affected+killed+national,#affected+injured+national,#affected+kidnapped+national,#affected+total+national,#affected+killed+international,#affected+injured+international,#affected+kidnapped+international,#affected+total+international,#affected+total+killed,#affected+total+injured,#affected+total+kidnapped,#affected+total,#affected+total+m,#affected+total+f,#affected+total+i,#event+means+i_en,#event+type+i_en,#loc+type+i_en,#geo+lat,#geo+lon,#x_event_motive,#group+type+i_en,#group+name+i_en,#description+i_en,,
175,2002,3,,PS,"Occupied Palestinian Territories",,,,0,0,0,5,0,0,1,4,0,5,0,0,0,0,1,4,0,5,0,0,5,Unknown,Combat/Crossfire,Unknown,31.649741,35.162072,Incidental,Unknown,Unknown,"1 IFRC national staff killed and 4 wounded by Israeli army.
",Archived,Archived
174,2002,3,7,PS,"Occupied Palestinian Territories","West Bank","West Bank",Tulkarem,1,0,0,0,0,0,1,0,0,1,0,0,0,0,1,0,0,1,1,0,0,Shooting,Unknown,Unknown,32.31037,35.02863,Unknown,Unknown,Unknown,"1 UN national staff shot and killed in Tulkarem, West Bank, March 7.",Archived,Archived
193,2002,9,,PS,"Occupied Palestinian Territories",,,,0,1,0,0,0,0,0,1,0,1,0,0,0,0,0,1,0,1,0,0,1,Shooting,"Individual attack","Project site",31.649741,35.162072,Unknown,Unaffiliated,"Not applicable","1 INGO national staff received minor wounds when settlers shot at a team repairing a deliberately vandalized water source.",Archived,Archived
198,2002,11,22,PS,"Occupied Palestinian Territories","West Bank",,,1,0,0,0,0,0,0,0,0,0,1,0,0,1,1,0,0,1,1,0,0,Shooting,Combat/Crossfire,"Project site",32.0254688,35.2888075,Incidental,"Host state","Israel Defense Forces (IDF)","One UN international staff shot and killed at the Jenin refugee camp by Israeli army gunfire, Nov 22.",Archived,Archived
207,2002,12,6,PS,"Occupied Palestinian Territories","Gaza Strip",Gaza,"Bureij Camp, east of the Salah al-Din Road",2,0,0,0,0,0,2,0,0,2,0,0,0,0,2,0,0,2,0,0,2,Unknown,Combat/Crossfire,"Project site",31.4772871,34.3215106,Incidental,"Host state","Israel Defense Forces (IDF)","Two UN national staff in Bureij Camp, Gaza Strip by IDF operations.",Archived,Archived
274,2003,,,PS,"Occupied Palestinian Territories","Gaza Strip",,,0,0,0,2,0,0,0,2,0,2,0,0,0,0,0,2,0,2,0,0,2,Shooting,Combat/Crossfire,Unknown,31.4772871,34.3215106,Incidental,"Host state","Israel Defense Forces (IDF)","Two RC national staff wounded by Israeli fire in Gaza.",Archived,Archived
215,2003,2,,PS,"Occupied Palestinian Territories","Gaza Strip",Gaza,"Yunis Refugee Camp",1,0,0,0,0,0,1,0,0,1,0,0,0,0,1,0,0,1,0,0,1,Unknown,Unknown,"Project site",31.41667,34.33333,Unknown,Unknown,Unknown,"1 UN national staff killed in Younis Refugee Camp.",Archived,Archived
325,2004,10,10,PS,"Occupied Palestinian Territories",,,,1,0,0,0,0,0,1,0,0,1,0,0,0,0,1,0,0,1,1,0,0,Unknown,Unknown,Unknown,31.649741,35.162072,Unknown,Unknown,Unknown,"1 UN national staff killed in explosion.",Yes,"Official Report"
333,2004,12,,PS,"Occupied Palestinian Territories",,,,1,0,0,0,0,0,1,0,0,1,0,0,0,0,1,0,0,1,0,1,0,"Bodily assault",Unknown,Unknown,31.649741,35.162072,Unknown,Unknown,Unknown,"1 UN national staff stabbed to death.",Yes,"Official Report"
496,2005,10,1,PS,"Occupied Palestinian Territories",,,,1,0,0,0,0,0,1,0,0,1,0,0,0,0,1,0,0,1,1,0,0,Shooting,Unknown,Unknown,31.649741,35.162072,Unknown,Unknown,Unknown,"1 UN national staff killed by gunshot wounds in the West Bank, Oct 1.",Yes,"Official Report"
423,2006,3,,PS,"Occupied Palestinian Territories","Gaza Strip",Gaza,"Khan Yunis",0,0,1,0,0,0,0,0,0,0,0,0,1,1,0,0,1,1,1,0,0,Kidnapping,Raid,Office/compound,31.3457612,34.3025277,Unknown,Unknown,Unknown,"1 ICRC international (Swiss) staff was abducted by unknown armed men at the ICRC office in Khan Younis, Gaza Strip.",Archived,Archived
442,2006,5,30,PS,"Occupied Palestinian Territories","West Bank",,,1,0,0,0,0,0,1,0,0,1,0,0,0,0,1,0,0,1,0,0,1,Shooting,Unknown,Unknown,32.0254688,35.2888075,Unknown,Unknown,Unknown,"1 UN national staff killed in West Bank by gunshot wounds, May 30.",Yes,"Official Report"
522,2006,8,14,PS,"Occupied Palestinian Territories","West Bank",Bethlehem,"Saida, Ein el-Hilweh refugee camp",1,0,0,0,0,0,1,0,0,1,0,0,0,0,1,0,0,1,1,0,0,"Aerial bombardment",Combat/Crossfire,"Project site",31.66667,35.25,Incidental,"Host state","Israel Defense Forces (IDF)","One UN national staff member killed in a residential area by a missile fired by Israeli forces against an alleged Palestinian faction in the Ein el-Hilweh refugee camp in Saida, 14 August.",Yes,"Official Report"
485,2006,11,3,PS,"Occupied Palestinian Territories","Gaza Strip",,,0,0,0,2,0,0,2,0,0,2,0,0,0,0,2,0,0,2,0,0,2,Unknown,Combat/Crossfire,Unknown,31.4772871,34.3215106,Incidental,"Host state","Israel Defense Forces (IDF)","Two RC national staff killed in Gaza Strip, Nov 3. The two paramedics had left their ambulance to evacuate a dead body when IDF munitions hit the area. Announced by ICRC, who said they were marked with clear emblems and wearing florescent jackets.",Archived,Archived
503,2006,12,19,PS,"Occupied Palestinian Territories","Gaza Strip",,,1,0,0,0,0,0,0,1,0,1,0,0,0,0,0,1,0,1,0,0,1,Unknown,Combat/Crossfire,"Public location",31.4772871,34.3215106,Incidental,Unknown,Unknown,"1 UN national staff teacher injured in crossfire during armed dashes that took place in the vicinity of UN schools in Gaza, Dec 19. A 13-year-old school girl was also injured (not counted here).",Yes,"Focal Point"
515,2007,3,13,PS,"Occupied Palestinian Territories",,,,0,0,0,0,1,0,1,0,0,1,0,0,0,0,1,0,0,1,0,0,1,Kidnap-killing,Unknown,Unknown,31.649741,35.162072,Unknown,Unknown,Unknown,"1 NGO national staff abducted in front of their son by unknown men and found dead the next day.",Yes,"Focal Point"
542,2007,5,21,PS,"Occupied Palestinian Territories",,,,1,0,0,0,0,0,0,1,0,1,0,0,0,0,0,1,0,1,0,0,1,Unknown,Combat/Crossfire,Unknown,31.649741,35.162072,Incidental,Unknown,Unknown,"1 UN national staff wounded.",Yes,"Focal Point"
544,2007,6,12,PS,"Occupied Palestinian Territories","Gaza Strip",,,1,0,0,0,0,0,1,0,0,1,0,0,0,0,1,0,0,1,0,0,1,Shooting,Combat/Crossfire,Unknown,31.4772871,34.3215106,Incidental,Unknown,Unknown,"One UN national staff was shot and died the following day. The agency is temporarily suspending all but emergency medical and food programmes. The victim appears to have been caught in the crossfire and not targeted because of UN affiliation.",Yes,"Focal Point"
545,2007,6,13,PS,"Occupied Palestinian Territories","Gaza Strip",,,1,0,0,0,0,0,1,0,0,1,0,0,0,0,1,0,0,1,0,0,1,Shooting,Combat/Crossfire,Unknown,31.4772871,34.3215106,Incidental,Unknown,Unknown,"One UN national staff was shot in the head. The agency is temporarily suspending all but emergency medical and food programmes. The victim appears to have been caught in the crossfire and not targeted because of UN affiliation.",Yes,"Focal Point"
720,2008,5,8,PS,"Occupied Palestinian Territories","Gaza Strip",Gaza,Gaza,1,0,0,0,0,0,1,0,0,1,0,0,0,0,1,0,0,1,0,1,0,Unknown,Unknown,Home,31.491189,34.444111,Incidental,"Host state","Israel Defense Forces (IDF)","One UN national staff school teacher killed at home in Gaza in an operation conducted by the Israel Defense Forces.",Yes,"Focal Point"
970,2008,9,22,PS,"Occupied Palestinian Territories","West Bank",Nablus,Nablus,0,1,0,0,0,0,0,1,0,1,0,0,0,0,0,1,0,1,0,0,1,Shooting,Combat/Crossfire,Unknown,32.2204986,35.2568883,Unknown,Unknown,Unknown,"One INGO national staff wounded in when military firearms discharged.",Yes,"Focal Point"
3957,2009,1,,PS,"Occupied Palestinian Territories","Gaza Strip",,,5,0,0,0,0,0,5,0,0,5,0,0,0,0,5,0,0,5,0,0,5,Unknown,Unknown,Unknown,31.514722,34.454167,Unknown,Unknown,"Not applicable","5 UN staff were killed during the December 2008 - January 2009 conflict. Exact dates and locations are unknown at this time.
",Yes,"Focal Point"
801,2009,1,4,PS,"Occupied Palestinian Territories","Gaza Strip",Gaza,"Beit Lahia",1,0,0,2,0,0,1,2,0,3,0,0,0,0,1,2,0,3,1,0,2,"Aerial bombardment",Combat/Crossfire,"Project site",31.54977,34.5024697,Unknown,,"Israel Defense Forces (IDF)","1 UN national staff killed and 2 RC national staff medical personnel wounded while on duty, after an air strike hit a location in Jabaliya.",Yes,"Official Report"
875,2009,1,5,PS,"Occupied Palestinian Territories","Gaza Strip",,,1,0,0,0,0,0,1,0,0,1,0,0,0,0,1,0,0,1,1,0,0,Unknown,Unknown,Home,31.4772871,34.3215106,Unknown,Unknown,Unknown,"1 UN national staff killed in his house in Gaza, 5 January.",Yes,"Official Report"
954,2009,1,5,PS,"Occupied Palestinian Territories","Gaza Strip",Gaza,Rafah,1,0,0,0,0,0,1,0,0,1,0,0,0,0,1,0,0,1,1,0,0,Unknown,Ambush,Unknown,31.288231,34.253606,Unknown,Unknown,Unknown,"1 UN national staff contracted driver killed.",Yes,"Focal Point"
675,2009,1,6,PS,"Occupied Palestinian Territories","Gaza Strip",,,0,1,0,0,0,0,1,0,0,1,0,0,0,0,1,0,0,1,1,0,0,"Aerial bombardment",Unknown,Unknown,31.4772871,34.3215106,Incidental,"Host state","Israel Defense Forces (IDF)","One INGO national staff of a local NGO partner was killed in an aerial bombing in Gaza. Violence halted most of the INGO's aid distribution in Gaza Strip.",Yes,"Focal Point"
802,2009,1,8,PS,"Occupied Palestinian Territories","Gaza Strip",,,2,0,0,0,0,0,1,1,0,2,0,0,0,0,1,1,0,2,2,0,0,Shelling,Ambush,Road,31.4772871,34.3215106,Unknown,"Host state","Israel Defense Forces (IDF)","One UN national staff driver killed and one UN national staff driver injured when UN convoy was hit by tank shell in Gaza. UN suspended all operations.",Archived,Archived
904,2009,1,8,PS,"Occupied Palestinian Territories","Gaza Strip",Gaza,Gaza,1,0,0,0,0,0,1,0,0,1,0,0,0,0,1,0,0,1,0,1,0,"Aerial bombardment",Combat/Crossfire,Unknown,31.491189,34.444111,Unknown,"Host state","Israel Defense Forces (IDF)","One UN national staff killed in Gaza during a drone strike, 8 January.",Yes,"Focal Point"
905,2009,1,15,PS,"Occupied Palestinian Territories","Gaza Strip",Gaza,Gaza,2,0,0,0,0,0,2,0,0,2,0,0,0,0,2,0,0,2,0,0,2,"Aerial bombardment",Combat/Crossfire,Home,31.491189,34.444111,Unknown,,"Israel Defense Forces (IDF)","Two UN national staff killed at home during a bombardment in Gaza, 15 January.",Yes,"Official Report"
841,2009,4,18,PS,"Occupied Palestinian Territories","Gaza Strip",Gaza,"Beit Hanoun, Eretz Crossing",0,1,0,0,0,0,0,0,0,0,0,1,0,1,0,1,0,1,0,0,1,"Aerial bombardment",Combat/Crossfire,Unknown,31.41667,34.33333,Unknown,Unknown,Unknown,"1 INGO international (Japanese) staff wounded in military action in Gaza.",Archived,Archived
1566,2013,8,27,PS,"Occupied Palestinian Territories","West Bank","Ramallah and Al-Bireh","Qalandia Refugee Camp",1,0,0,0,0,0,1,0,0,1,0,0,0,0,1,0,0,1,1,0,0,Shooting,Combat/Crossfire,"Project site",31.865951,35.21448,Incidental,,"Israel Defense Forces (IDF)","One UN staff member was shot and killed by IDF soldiers during clashes on an overnight arrest raid at the Qalandia refugee camp.",Pending,Media
3956,2014,7,7,PS,"Occupied Palestinian Territories","Gaza Strip",,,7,0,0,0,0,0,7,0,0,7,0,0,0,0,7,0,0,7,0,0,7,Unknown,Unknown,Unknown,31.514722,34.454167,Unknown,Unknown,"Not applicable","7 UN staff were killed during the July 2014 conflict. Exact dates and locations unknown at this time.
",Yes,"Focal Point"
1794,2014,7,20,PS,"Occupied Palestinian Territories","Gaza Strip",Gaza,Gaza,1,0,0,0,0,0,1,0,0,1,0,0,0,0,1,0,0,1,0,1,0,"Aerial bombardment",Combat/Crossfire,Unknown,31.412511,34.352024,Incidental,,"Israel Defense Forces (IDF)","One UN worker was killed due to an air strike. The attack also killed her husband and daughter (not counted in database).",Yes,Media
1795,2014,7,21,PS,"Occupied Palestinian Territories","Gaza Strip",Gaza,Shejaiya,1,0,0,0,0,0,1,0,0,1,0,0,0,0,1,0,0,1,0,1,0,"Aerial bombardment",Combat/Crossfire,Unknown,31.496933,34.468875,Incidental,,"Israeli Defence Forces (IDF)","One UN worker was killed while fleeing from fighting in Shejaiya district. Ten members of her family (not counted in database) were also killed in the attack.
",Yes,Media
1796,2014,7,23,PS,"Occupied Palestinian Territories","Gaza Strip",Gaza,Gaza,1,0,0,0,0,0,1,0,0,1,0,0,0,0,1,0,0,1,1,0,0,"Aerial bombardment",Combat/Crossfire,Road,31.491189,34.444111,Incidental,,"Israel Defense Forces (IDF)","One UN worker was killed during an air strike as he was on his way home.",Pending,Media
1801,2014,7,25,PS,"Occupied Palestinian Territories","Gaza Strip",Gaza,"Beit Hanoun",0,0,0,4,0,0,1,3,0,4,0,0,0,0,1,3,0,4,0,0,4,Shooting,"Individual attack",Unknown,31.53902,34.53835,Unknown,,"Israel Defense Forces (IDF)","One Palestine Red Crescent Society volunteer was killed and three others wounded when their ambulance (clearly marked with the emblem of the Red Crescent society) was targeted in Beit Hanoun.",Yes,"Official Report"
1802,2014,7,25,PS,"Occupied Palestinian Territories","Gaza Strip",Gaza,Khuza'a,0,0,0,1,0,0,1,0,0,1,0,0,0,0,1,0,0,1,1,0,0,Shooting,Unknown,Unknown,31.304479,34.36039,Unknown,,"Israel Defense Forces (IDF)","One Palestine Red Crescent Society volunteer was shot and killed.",Yes,"Official Report"
2414,2014,7,29,PS,"Occupied Palestinian Territories","Gaza Strip","Khan Younis","Khan Younis",0,1,0,0,0,0,1,0,0,1,0,0,0,0,1,0,0,1,1,0,0,"Aerial bombardment",Combat/Crossfire,"Public location",33.223252,35.830723,Incidental,,"Israel Defense Forces (IDF)","One INGO aid worker was killed in Khan Younis during an attack on the residential neighborhood. He was taking refuge from the attack when he was killed (most likely from artillery or other aerial fire). The Israeli military reported that their attack on Khan Younis was in response to earlier Hamas firing on Israeli targets.",Yes,"Official Report"
1804,2014,8,3,PS,"Occupied Palestinian Territories","Gaza Strip",Rafah,Rafah,1,0,0,0,0,0,1,0,0,1,0,0,0,0,1,0,0,1,1,0,0,"Aerial bombardment",Combat/Crossfire,"Public location",31.288231,34.253606,Incidental,,"Israel Defense Forces (IDF)","One UN guard was killed during an air strike in Rafah in southern Gaza.",Yes,"Official Report"
3621,2016,6,15,PS,"Occupied Palestinian Territories","Gaza Strip",Gaza,"Beit Hanoun, Eretz Crossing",0,1,0,0,0,0,0,0,1,1,0,0,0,0,0,0,1,1,1,0,0,"Bodily assault",Detention,Custody,31.5582,34.544722,Political,"Host state","Israel Defense Forces (IDF)","One INGO national male staff member was detained at the crossing between Gaza and Israel by the Israel Defense Forces on allegations of terror financing. Media reports from 2020 indicate the staff member was tortured in custody causing damage to his head/hearing.",Yes,Media
2592,2018,1,9,PS,"Occupied Palestinian Territories","West Bank",Nablus,Nablus,0,0,0,1,0,0,1,0,0,1,0,0,0,0,1,0,0,1,1,0,0,Shooting,"Individual attack",Road,32.22183,35.25881,Unknown,Unknown,Unknown,"One volunteer was shot dead in Nablus in the West Bank. More than twenty bullets were shot from a passing vehicle during the drive-by unknown assailants. The volunteer was pronounced dead on arrival at the hospital.",Yes,Media
2421,2018,6,1,PS,"Occupied Palestinian Territories","Gaza Strip",,,0,0,0,0,1,0,1,0,0,1,0,0,0,0,1,0,0,1,0,1,0,Shooting,"Individual attack","Public location",31.416667,34.333333,Political,,"Israel Defense Forces (IDF)","One female medical volunteer with an NGO was shot and killed by the Israel Defense Forces (IDF) in Gaza during a protest. According to witness reports and cellphone footage, the volunteer was moving with her hands up and identification card displayed toward a protestor who was close to the border fence and had been affected by tear gas. A preliminary IDF investigation stated that she was not specifically targeted in the attack.",Yes,Media
2556,2018,8,20,PS,"Occupied Palestinian Territories","Gaza Strip",,,0,1,0,0,0,0,1,0,0,1,0,0,0,0,1,0,0,1,1,0,0,Shooting,"Individual attack","Public location",31.485479,34.48684,Incidental,,"Israel Defense Forces (IDF)","One male employee of an INGO was shot and killed by Israeli border soldiers in the Occupied Palestinian Territories for allegedly approaching the Gaza Strip/Israel border fence with a weapon.",Yes,Media
2614,2019,3,27,PS,"Occupied Palestinian Territories","West Bank",Dheisha,"Dheisha Refugee Camp",0,1,0,0,0,0,1,0,0,1,0,0,0,0,1,0,0,1,1,0,0,Shooting,Combat/Crossfire,"Project site",31.413847,35.110296,Disputed,"Host state","Israel Defense Forces (IDF)","One male national INGO volunteer was reportedly shot and killed by Israeli forces during a clash at the Dheisha refugee camp south of Bethlehem in the West Bank. Reports outline the volunteer paramedic was working within the camp, when others in the area throwing rocks prompted a response from Israeli soldiers.",Yes,Media
2704,2019,5,11,PS,"Occupied Palestinian Territories","Gaza Strip","Khan Younis","Khan Younis",0,0,0,1,0,0,1,0,0,1,0,0,0,0,1,0,0,1,1,0,0,Shooting,Combat/Crossfire,"Public location",31.401936,34.386018,Incidental,"Host state","Israel Defense Forces (IDF)","One Palestinian paramedic with the Palestinian Red Crescent was reportedly shot in the face with a rubber bullet, while performing humanitarian activities, by the Israeli military. The military shots came from the border wall east of Khan Younis on May 11, 2019. On June 11, 2019 the RC volunteer succumbed to his wounds and died in a hospital in Gaza.",Yes,Media
2750,2019,7,22,PS,"Occupied Palestinian Territories",Jerusalem,"East Jerusalem",Al-Issawiya,0,0,0,1,0,0,0,1,0,1,0,0,0,0,0,1,0,1,0,0,1,Shooting,Raid,"Public location",31.798611,35.248333,Political,"Host state","Israel Defense Forces (IDF)","One Palestinian Red Cross paramedic was wounded when shot in the stomach by Israeli forces after a reported raid of the Occupied East Jerusalem neighbourhood Al-Issawiya. Reports indicate the occupying forces attacked civilians and attacked Red Cross staff with rubber bullets to prevent them from transporting civilian patients to the hospital.",Yes,Media
2762,2019,8,16,PS,"Occupied Palestinian Territories",Jerusalem,"East Jerusalem","Abu Dis",0,0,0,1,0,0,0,1,0,1,0,0,0,0,0,1,0,1,1,0,0,Shooting,Combat/Crossfire,"Public location",31.7625,35.265833,Disputed,"Host state","Israel Defense Forces (IDF)","One Palestinian Red Crescent volunteer paramedic was shot in the head by the Israeli Army with a rubber bullet. The incident reportedly occurred while the paramedic was trying to assist victims during clashes in the town of Abu Dis, east of Jerusalem. He was transferred to the hospital for medical treatment.",Yes,Media
2769,2019,8,23,PS,"Occupied Palestinian Territories","Gaza Strip",Rafah,Rafah,0,0,0,0,1,0,0,1,0,1,0,0,0,0,0,1,0,1,0,1,0,Shooting,Combat/Crossfire,"Public location",31.3,34.25,Disputed,"Host state","Israel Defense Forces (IDF)","One female volunteer paramedic was injured in the head with a plastic-coated steel bullet while trying to assist wounded during the Great March of Return protests in the Occupied Palestinian Territories.",Yes,Media
2770,2019,8,23,PS,"Occupied Palestinian Territories","Gaza Strip","Khan Younis","Khan Younis",0,0,0,1,1,0,0,2,0,2,0,0,0,0,0,2,0,2,2,0,0,Shooting,Combat/Crossfire,"Public location",31.344444,34.303056,Disputed,"Host state","Israel Defense Forces (IDF)","One male volunteer paramedic for the Palestinian Red Crescent Society and one male volunteer paramedic for a local NGO were both wounded with plastic-coated steel bullets at demonstrations in Khan Younis district of the Gaza Strip. The staff members were struck on the left thigh and neck respectively.",Yes,Media
2805,2019,10,25,PS,"Occupied Palestinian Territories","Gaza Strip",Gaza,"North Gaza",0,0,0,1,0,0,0,1,0,1,0,0,0,0,0,1,0,1,1,0,0,"Bodily assault",Combat/Crossfire,"Public location",31.563704,34.529523,Disputed,"Host state","Israel Defense Forces (IDF)","One male volunteer paramedic with the Palestinian Red Crescent was injured after a reported direct blow of a tear gas canister to his right leg during Friday demonstrations in the North Gaza District.",Yes,Media
3352,2021,6,25,PS,"Occupied Palestinian Territories",,,,0,0,0,1,0,0,0,1,0,1,0,0,0,0,0,1,0,1,1,0,0,Shooting,Ambush,Road,32,35.25,Political,"Host state","Israel Defense Forces (IDF)","One Red Crescent paramedic was injured by the glass from a broken windshield after Israel Defense Forces shot at the clearly marked ambulance in the Occupied Palestinian Territories.",Yes,Media
3469,2021,10,26,PS,"Occupied Palestinian Territories","West Bank",Nablus,Burin,0,0,2,0,0,0,0,2,0,2,0,0,0,0,0,2,0,2,0,0,2,"Bodily assault","Individual attack","Public location",32.184167,35.249722,Political,Unaffiliated,"Israeli Settlers","Two ICRC staff were reportedly peppered sprayed by Israeli settlers in Burin, Nablus, during a joint field visit with Palestinian farmers and IDF officials. The staff received medical attention at the military base.
",Yes,"Official Report"
3669,2022,10,2,PS,"Occupied Palestinian Territories","West Bank",Nablus,Nablus,0,0,0,1,0,0,0,1,0,1,0,0,0,0,0,1,0,1,0,0,1,"Bodily assault",Ambush,Road,32.222222,35.261111,Unknown,"Host state","Israel Defense Forces (IDF)","One Palestinian Red Crescent health worker in a marked ambulance was injured after being hit with a rifle by the Israel Defense Forces (IDF) in Beit Farouk locality, South of Nablus (Nablus governorate). Another health worker was also injured (injury extent unknown).",Yes,"Official Report"
3726,2023,2,22,PS,"Occupied Palestinian Territories","West Bank",Nablus,Nablus,0,0,0,2,0,0,0,2,0,2,0,0,0,0,0,2,0,2,0,0,2,Shooting,"Individual attack","Public location",32.216063,35.264351,Disputed,"Host state","Israel Defense Forces (IDF)","Two Palestinian Red Crescent Society members were injured by rubber-coated bullets when reaching a 2-year-old child suffering from a heart condition who had been exposed to teargas. The team was prevented from reaching the child's house by Israeli defence forces, and were not able to leave the place for 40 minutes after taking care of the patient.",Pending,Media
3779,2023,4,5,PS,"Occupied Palestinian Territories",Jerusalem,"East Jerusalem","Bab-Al Asbat",0,0,0,1,0,0,0,1,0,1,0,0,0,0,0,1,0,1,1,0,0,"Bodily assault",Raid,"Public location",31.77617,35.23583,Disputed,"Host state","Israel Defense Forces (IDF)","One national Palestinian Red Crescent Society aid worker was injured when the Israeli Defence Forces (IDF) attacked his ambulance and an Emergency Medical Technician (EMT) stationed at the Bab Al-Asbat area, near Al-Aqsa Mosque. In addition, the Israel Defence Forces (IDF) shot a sound bomb at the ambulance, breaking the mirror on the driver's side.",Pending,Media
3889,2023,7,24,PS,"Occupied Palestinian Territories","West Bank",Nablus,"Askar camp",0,0,0,1,0,0,0,1,0,1,0,0,0,0,0,1,0,1,0,0,1,Shooting,"Individual attack","Project site",32.219864,35.297436,Disputed,"Host state","Israel Defense Forces (IDF)","One Palestinian Red Crescent Society medical staff was allegedly shot in the two feet by the Israel Defence Forces while on duty in Askar Camp.",Pending,"Official Report"
3933,2023,10,7,PS,"Occupied Palestinian Territories","Gaza Strip","South Gaza","Khan Younis",0,2,0,0,0,0,2,0,0,2,0,0,0,0,2,0,0,2,1,1,0,Shelling,Combat/Crossfire,"Project site",31.3625352,34.5699731,Disputed,"Host state","Israel Defence Forces (IDF)","One female health worker and one male ambulance driver of INGO-supported medical facilities were killed in shelling from the Israel Defense Forces in Khan Younis, Gaza. Other people were injured in the same attack (not counted here).",Pending,"Official Report"
3938,2023,10,11,PS,"Occupied Palestinian Territories","Gaza Strip","Gaza Strip",Gaza,0,0,0,4,0,0,4,0,0,4,0,0,0,0,4,0,0,4,0,0,4,"Aerial bombardment",Combat/Crossfire,Road,31.5119669,34.4438821,Disputed,"Host state","Israel Defense Forces (IDF)","Four Palestinian Red Crescent Society paramedics were killed when the ambulance they were in was hit by an aerial attack in the Gaza Strip.",Pending,"Official Report"
3939,2023,10,11,PS,"Occupied Palestinian Territories","Gaza Strip",Gaza,"Karni Crossing",0,0,0,1,0,0,1,0,0,1,0,0,0,0,1,0,0,1,1,0,0,Shooting,"Individual attack",Road,31.474722,34.473611,Disputed,"Host state","Israel Defense Forces (IDF)","One Palestinian Red Crescent paramedic was shot in the back and killed at the Karni crossing in eastern Gaza.",Pending,"Official Report"
3944,2023,10,19,PS,"Occupied Palestinian Territories","Gaza Strip","Gaza Strip","Church of Saint Porphyrius",0,0,0,0,1,0,1,0,0,1,0,0,0,0,1,0,0,1,0,1,0,"Aerial bombardment",Combat/Crossfire,"Public location",31.5033228,34.459722,Disputed,"Host state",Defense,"One female national NGO aid worker was killed during an aerial bombardment affecting the Church of Saint Porphyrius in Gaza.",Pending,Media
3953,2023,10,28,PS,"Occupied Palestinian Territories","Gaza Strip","Khan Younis","Khan Younis",1,0,0,0,0,0,0,1,0,1,0,0,0,0,0,1,0,1,1,0,0,Shelling,Combat/Crossfire,Unknown,31.344444,34.303056,Incidental,"Host state","Israel Defense Forces (IDF)","One male head of UN aid agency was injured due to shelling from the Israel Defense Forces (IDF) in Khan Younis, Gaza Strip.",Pending,"Official Report"
3937,2023,10,31,PS,"Occupied Palestinian Territories","Gaza Strip","Gaza Strip",Gaza,92,0,0,0,0,0,70,22,0,92,0,0,0,0,70,22,0,92,0,0,92,"Aerial bombardment",Combat/Crossfire,Unknown,31.410433,34.2235374,Disputed,"Host state","Israel Defense Forces (IDF)","70 UN aid workers have been killed and 22 have been injured during the clashes between the Israel Defense Forces (IDF) and Hamas in the Gaza Strip between October 7 and October 31, 2023. Reports indicate most fatalities are due to aerial attacks. Exact dates and locations of those killed and the extent of the injuries are unknown at this time.",Pending,"Official Report"
3954,2023,11,3,PS,"Occupied Palestinian Territories","Gaza Strip",Gaza,"Al-Shifa Hospital",0,0,0,1,0,0,0,1,0,1,0,0,0,0,0,1,0,1,0,0,1,"Aerial bombardment",Combat/Crossfire,"Project site",31.5243369,33.8330841,Political,"Host state","Israel Defense Forces (IDF)","One Palestinian Red Crescent Society aid worker was injured when the ambulance was targeted by an Israel Defense Forces (IDF) strike at the entrance of Al-Shifa hospital, Gaza Strip. The ambulance was the second one targeted during the same attack. Other civilians were also injured (not counted).",Pending,"Official Report"
3979,2023,11,5,PS,"Occupied Palestinian Territories","Gaza Strip",Gaza,Gaza,0,0,0,0,0,1,1,0,0,1,0,0,0,0,1,0,0,1,1,0,0,"Aerial bombardment",Combat/Crossfire,"Public location",31.516667,34.45,Incidental,"Host state","Israel Defense Forces (IDF)","One national, international organisation aid worker was killed along with his family during an airstrike in Gaza.",Pending,Media
4034,2023,11,5,PS,"Occupied Palestinian Territories","Gaza Strip",Gaza,Gaza,0,1,0,0,0,0,1,0,0,1,0,0,0,0,1,0,0,1,1,0,0,Shelling,Combat/Crossfire,Home,31.516667,34.45,Disputed,"Host state","Israel Defense Forces (IDF)","One national INGO aid worker was killed along with his family in his house during an airstrike in Gaza City.",Yes,"Focal Point"
3955,2023,11,7,PS,"Occupied Palestinian Territories","Gaza strip",Gaza,,0,0,0,19,0,0,0,19,0,19,0,0,0,0,0,19,0,19,0,0,19,Shelling,Unknown,Unknown,31.514722,34.454167,Unknown,"Host state","Israeli Defence Forces (IDF)","19 Palestinian Red Crescent Society aid workers have been injured on duty between the 7th of October and the 7th of November in the Gaza Strip. Eight emergency vehicles had been put out of service due to the damage caused by airstrikes.
",Pending,Media
3968,2023,11,12,PS,"Occupied Palestinian Territories","Gaza Strip",Gaza,"Jabalia refugee camp",0,2,0,0,0,0,2,0,0,2,0,0,0,0,2,0,0,2,2,0,0,"Aerial bombardment",Combat/Crossfire,Home,31.533522,34.483676,Incidental,"Host state","Israel Defense Forces (IDF)","Two national INGO aid workers were killed due to a missile strike of the Jabalia refugee camp in the Gaza Strip.",Pending,"Official Report"
4070,2023,11,18,PS,"Occupied Palestinian Territories","Gaza Strip",Gaza,"Al Wahida",0,1,0,0,0,0,1,0,0,1,0,0,0,0,1,0,0,1,1,0,0,Shooting,Unknown,Road,31.4326616,34.4059053,Disputed,"Host state","Israel Defense Forces (IDF)","One male national INGO aid worker was killed during a shooting to a convoy of marked vehicles with authorization to evacuate in Al Wahida, Gaza. Another civilian was also killed during the incident (not counted).",Pending,"Official Report"
3963,2023,11,21,PS,"Occupied Palestinian Territories","Gaza Strip",Gaza,"Al Awda Hospital",0,2,0,0,0,0,2,0,0,2,0,0,0,0,2,0,0,2,2,0,0,Shelling,Combat/Crossfire,"Project site",31.4524079,34.3863319,Disputed,"Host state","Israel Defense Forces (IDF)","Two male INGO doctors were killed due to a strike in the Al-Awda hospital in Gaza.",Pending,"Official Report"
3969,2023,11,21,PS,"Occupied Palestinian Territories","Gaza Strip",Gaza,"Southern Gaza",1,0,0,0,0,0,1,0,0,1,0,0,0,0,1,0,0,1,0,1,0,Shelling,Combat/Crossfire,"Public location",31.297864,34.271754,Incidental,"Host state","Israel Defense Forces (IDF)","One female UN aid worker was killed along with her family during a shelling in Southern Gaza.",Pending,"Official Report"
3958,2023,11,24,PS,"Occupied Palestinian Territories","Gaza Strip",Gaza,"North Gaza",0,0,1,0,0,0,1,0,0,1,0,0,0,0,1,0,0,1,1,0,0,"Aerial bombardment",Combat/Crossfire,Home,31.55,34.5,Incidental,"Host state","Isreali Defence Forces (IDF)","One off-duty male ICRC driver was killed in Northern Gaza along with other members of his family (not counted here).",Yes,"Official Report"
4047,2023,11,30,PS,"Occupied Palestinian Territories","Gaza Strip","Gaza Strip",Gaza,46,0,0,0,0,0,41,5,0,46,0,0,0,0,41,5,0,46,0,0,46,"Aerial bombardment",Combat/Crossfire,Unknown,31.410433,34.2235374,Disputed,"Host state","Israeli Defence Forces (IDF)","41 UN aid workers have been killed and 5 have been injured during the clashes between the Israeli Defence Forces (IDF) and Hamas in the Gaza Strip between November 1 and November 30, 2023. Reports indicate most fatalities are due to aerial attacks. Exact dates and locations of those killed and the extent of the injuries are unknown at this time.",Pending,"Official Report"
4071,2023,12,1,PS,"Occupied Palestinian Territories","Gaza Strip",Gaza,"Khan Younis",0,1,0,0,0,0,1,0,0,1,0,0,0,0,1,0,0,1,0,1,0,Unknown,Unknown,Home,31.3461996,34.2936774,Incidental,"Host state","Israel Defense Forces (IDF)","One female national INGO aid worker was killed along with her family in Khan Younis at some point in December 2023.",Pending,"Official Report"
3975,2023,12,11,PS,"Occupied Palestinian Territories","Gaza Strip",Gaza,"Al-Awda hospital",0,1,0,0,0,0,0,1,0,1,0,0,0,0,0,1,0,1,0,0,1,Shooting,Combat/Crossfire,"Project site",31.4524078,34.3840412,Disputed,"Host state","Israel Defense Forces (IDF)","One INGO health worker was injured by a shot fired from outside in Al-Awda Hospital, in Gaza.",Pending,"Official Report"
3976,2023,12,12,PS,"Occupied Palestinian Territories","Gaza Strip",Gaza,Gaza,0,1,0,0,0,0,1,0,0,1,0,0,0,0,1,0,0,1,1,0,0,"Aerial bombardment",Combat/Crossfire,Unknown,31.487254,34.4240813,Incidental,"Host state","Israel Defense Forces (IDF)","One male INGO aid worker was killed along with his family by an airstrike in Gaza.",Yes,"Official Report"
3986,2023,12,22,PS,"Occupied Palestinian Territories","Gaza Strip",Gaza,Gaza,1,0,0,0,0,0,1,0,0,1,0,0,0,0,1,0,0,1,1,0,0,"Aerial bombardment",Combat/Crossfire,Unknown,31.5016942,34.4565447,Incidental,"Host state","Israel Defense Forces (IDF)","One UN national aid worker was killed with his family during an aerial bombardment in Gaza City.",Yes,"Official Report"
4048,2023,12,31,PS,"Occupied Palestinian Territories","Gaza Strip","Gaza Strip",Gaza,31,0,0,0,0,0,31,0,0,31,0,0,0,0,31,0,0,31,0,0,31,"Aerial bombardment",Combat/Crossfire,Unknown,31.410433,34.2235374,Disputed,"Host state","Israel Defense Forces (IDF)","31 UN aid workers have been killed during the clashes between the Israel Defense Forces (IDF) and Hamas in the Gaza Strip between December 1 and December 31, 2023. Reports indicate most fatalities are due to aerial attacks. Exact dates and locations of those killed and the extent of the injuries are unknown at this time.",Pending,"Official Report"
3994,2024,1,10,PS,"Occupied Palestinian Territories","Gaza Strip",Gaza,Gaza,0,0,0,4,0,0,4,0,0,4,0,0,0,0,4,0,0,4,4,0,0,Shelling,Combat/Crossfire,Road,31.516667,34.45,Disputed,"Host state","Israel Defense Forces (IDF)","Four national Palestinian Red Crescent Society aid workers were killed when their ambulance was hit by a shell in Gaza. Two other injured civilians were also killed (not counted).",Pending,"Official Report"
4027,2024,1,31,PS,"Occupied Palestinian Territories","Gaza Strip","Khan Younis","Al-Amal Hospital",0,0,0,2,0,0,2,0,0,2,0,0,0,0,2,0,0,2,2,0,0,Shooting,"Individual attack","Project site",31.347336,34.297132,Disputed,"Host state","Israel Defense Forces (IDF)","Two male national aid workers of the Palestinian Red Crescent Society were shot and killed close to Al Amal Hospital in Khan Younis.",Pending,"Official Report"
4033,2024,1,31,PS,"Occupied Palestinian Territories","Gaza Strip",Gaza,Gaza,11,0,0,0,0,0,10,1,0,11,0,0,0,0,10,1,0,11,0,0,11,"Aerial bombardment",Combat/Crossfire,"Public location",31.410433,34.2235374,Disputed,"Host state","Israel Defense Forces (IDF)","10 UN aid workers have been killed and 1 UN aid worker has been injured during the clashes between the Israeli Defence Forces (IDF) and Hamas in the Gaza Strip between the 1 and the 31 of January, 2024. Reports indicate most fatalities are due to aerial attacks. Exact dates and locations of those killed and the extent of the injuries are unknown at this time.",Pending,"Official Report"
4030,2024,2,2,PS,"Occupied Palestinian Territories","Gaza Strip","Khan Younis","Khan Younis",0,0,0,1,0,0,1,0,0,1,0,0,0,0,1,0,0,1,0,1,0,Shooting,"Individual attack","Project site",31.343889,34.3025,Disputed,"Host state","Israel Defense Forces (IDF)","One female Palestinian Red Crescent Society aid worker was shot and killed by a sniper in Khan Younis.",Pending,"Official Report"
4031,2024,2,7,PS,"Occupied Palestinian Territories","Gaza Strip",Gaza,Gaza,0,0,0,1,0,0,1,0,0,1,0,0,0,0,1,0,0,1,1,0,0,Shooting,"Individual attack","Public location",31.348249,34.298072,Disputed,"Host state","Israel Defense Forces (IDF)","One male Palestinian Red Crescent Society aid worker was shot and killed while evacuating wounded people in Gaza.",Pending,"Official Report"
4032,2024,2,10,PS,"Occupied Palestinian Territories","Gaza Strip",Gaza,Gaza,0,0,0,2,0,0,2,0,0,2,0,0,0,0,2,0,0,2,2,0,0,Shelling,Combat/Crossfire,Road,31.504215,34.434714,Disputed,"Host state","Israel Defense Forces (IDF)","Two national Palestinian Red Crescent Society aid workers were killed when the ambulance they were in was hit in Gaza.",Pending,"Official Report"
4046,2024,2,29,PS,"Occupied Palestinian Territories","Gaza Strip",Gaza,Gaza,8,0,0,0,0,0,8,0,0,8,0,0,0,0,8,0,0,8,0,0,8,"Aerial bombardment",Combat/Crossfire,"Public location",31.410433,34.2235374,Disputed,"Host state","Israel Defense Forces (IDF)","8 UN aid workers have been killed during the clashes between the Israel Defence Forces (IDF) and Hamas in the Gaza Strip between the 1st and the 29th of February, 2024. Reports indicate most fatalities are due to aerial attacks. Exact dates and locations of those killed and the extent of the injuries are unknown at this time.",Pending,"Official Report"
4078,2024,3,3,PS,"Occupied Palestinian Territories","Gaza Strip",Gaza,"Khirbat al â€˜Adas",0,1,0,0,0,0,1,0,0,1,0,0,0,0,1,0,0,1,1,0,0,"Aerial bombardment",Combat/Crossfire,Home,31.285174,34.271157,Incidental,"Host state","Israel Defense Forces (IDF)","One male national INGO aid worker was killed along with his family during an aerial strike in Khirbat al 'Adas, Gaza.",Pending,"Official Report"
4084,2024,3,14,PS,"Occupied Palestinian Territories","Gaza Strip",Gaza,"Rafah East Distribution Centre",23,0,0,0,0,0,1,22,0,23,0,0,0,0,1,22,0,23,0,0,23,"Aerial bombardment",Combat/Crossfire,Office/compound,31.298370,34.241829,Disputed,"Host state","Israel Defense Forces (IDF)","One UN aid worker was killed, and 22 UN aid workers were injured during a drone attack on a UN distribution centre in Rafah, Gaza.",Pending,"Official Report"
4072,2024,3,14,PS,"Occupied Palestinian Territories","Gaza Strip",Gaza,Gaza,5,0,0,0,0,0,5,0,0,5,0,0,0,0,5,0,0,5,0,0,5,"Aerial bombardment",Combat/Crossfire,"Public location",31.410433,34.2235374,Disputed,"Host state","Israel Defense Forces (IDF)","5 UN aid workers have been killed during the clashes between the Israel Defence Forces (IDF) and Hamas in the Gaza Strip between the 1st and the 14th of March, 2024. Reports indicate most fatalities are due to aerial attacks. Exact dates and locations of those killed and the extent of the injuries are unknown at this time.",Pending,"Official Report"
4088,2024,3,24,PS,"Occupied Palestinian Territories","Gaza Strip","Khan Younis","Khan Younis",0,0,0,2,0,0,2,0,0,2,0,0,0,0,2,0,0,2,2,0,0,Unknown,Raid,"Project site",31.344444,34.303056,Disputed,"Host state","Israel Defense Forces (IDF)","Two male staff members of the Palestinian Red Crescent were killed during the evacuation of the Al Amal Hospital in Khan Yunis.",Pending,"Official Report"
4087,2024,3,29,PS,"Occupied Palestinian Territories","Gaza Strip",,,0,0,0,11,0,0,11,0,0,11,0,0,0,0,11,0,0,11,0,0,11,Unknown,Combat/Crossfire,Unknown,31.514722,34.454167,Incidental,"Host state","Israel Defense Forces (IDF)","According to the Palestinian Red Crescent, 11 off-duty staff members have been killed in the Gaza Strip from collateral violence since October 7, 2023. Further details on the individual incidents is not available at this time.",Pending,"Official Report"
4086,2024,4,1,PS,"Occupied Palestinian Territories","Gaza Strip","Central Gaza",,0,8,0,0,0,0,1,1,0,2,6,0,0,6,7,1,0,8,0,0,8,"Aerial bombardment",Combat/Crossfire,Road,31.435639,34.386136,Incidental,"Host state","Israel Defense Forces (IDF)","7 INGO staff members, including 1 national and 6 international staff, were killed in an Israel Defense Force strike in Central Gaza, as their aid convoy left a warehouse. One additional national INGO staff was injured. According to official statements, the vehicles were all clearly marked and information on their movements had been shared with parties to the conflict. Israel has taken responsibility for the attack, calling it ""unintentional."" The INGO has suspended all operations in the area.",Pending,"Official Report"
4089,2024,4,1,PS,"Occupied Palestinian Territories","Gaza Strip",Gaza,"Deir al-Balah",0,1,0,0,0,0,0,1,0,1,0,0,0,0,0,1,0,1,1,0,0,"Aerial bombardment",Combat/Crossfire,Home,31.418889,34.351667,Incidental,"Host state","Israel Defense Forces (IDF)","One INGO staff member was seriously injured after an airstrike hit his home in Central Gaza, Deir al-Balah.",Pending,Media
